Leaf,N. photos,Notes,Width,Length,Perimeter,Weight,Area,,Dataset size:
1,10,wavy surface; eating holes in the center; with water drops; under shade,5.4,6.0,21.5,0.179,23.86666667,,7487
2,13,wavy surface; no eating holes; with water drops; under shade,5.3,7.0,23.0,0.185,24.66666667,,
3,11,flat surface; no eating holes; with water drops; under shade,5.5,6.0,22.0,0.170,22.66666667,,Marker side:
4,14,flat surface; no eating holes; under shade,5.2,6.7,23.0,0.186,24.8,,5 cm
5,10,flat surface; no eating holes; with water drops; under shade,6.4,8.5,29.5,0.269,35.86666667,,
6,12,flat surface; no eating holes; with water drops; under shade,6.5,8.6,29.0,0.279,37.2,,Paper density:
7,9,flat surface; no eating holes; with water drops; with soild dust; under shade,5.2,6.4,22.0,0.163,21.73333333,,75 g/m²
8,10,flat surface; no eating holes; under shade,5.0,5.9,20.5,0.148,19.73333333,,
9,10,flat surface; no eating holes; under shade,6.2,9.2,30.5,0.296,39.46666667,,
10,10,flat surface; no eating holes; under shade,5.9,8.8,29.0,0.254,33.86666667,,
11,10,wavy surface; no eating holes; under shade,6.0,8.7,27.0,0.254,33.86666667,,
12,13,flat surface; no eating holes; under shade,6.0,6.5,24.5,0.211,28.13333333,,
13,12,wavy surface; no eating holes; under shade,6.0,7.6,26.5,0.233,31.06666667,,
14,11,wavy surface; no eating holes; under shade,6.7,7.4,25.5,0.248,33.06666667,,
15,10,wavy surface; no eating holes; under sunlight,5.1,6.0,21.5,0.170,22.66666667,,
16,12,flat surface; eating holes in the center; under sunlight,5.2,6.4,22.0,0.177,23.6,,
17,11,flat surface; no eating holes; under sunlight,4.5,6.5,20.5,0.132,17.6,,
18,12,wavy surface; no eating holes; under sunlight,4.8,7.0,21.5,0.156,20.8,,
19,11,wavy surface; no eating holes; under sunlight,5.3,7.5,24.0,0.192,25.6,,
20,12,wavy surface; no eating holes; under sunlight,5.8,8.0,26.5,0.226,30.13333333,,
21,13,flat surface; no eating holes; under sunlight,4.3,5.9,19.0,0.124,16.53333333,,
22,12,wavy surface; no eating holes; under sunlight,4.6,6.3,21.0,0.146,19.46666667,,
23,11,wavy surface; eating holes in the center; with soild dust; under sunlight,4.5,6.0,20.0,0.140,18.66666667,,
24,13,flat surface; no eating holes; with soild dust; under sunlight,4.8,6.3,20.5,0.148,19.73333333,,
25,13,wavy surface; no eating holes; under sunlight,4.6,6.4,20.5,0.144,19.2,,
26,11,flat surface; no eating holes; under shade,4.7,7.0,22.0,0.155,20.66666667,,
27,10,flat surface; no eating holes; under sunlight,4.8,6.9,22.5,0.169,22.53333333,,
28,12,flat surface; no eating holes; under shade,5.0,6.8,22.0,0.166,22.13333333,,
29,13,wavy surface; eating holes in the edge; under sunlight,5.5,7.1,24.0,0.194,25.86666667,,
30,12,wavy surface; no eating holes; under sunlight,5.0,6.2,21.0,0.150,20,,
31,12,wavy surface; no eating holes; under sunlight,4.4,6.2,20.5,0.147,19.6,,
32,11,wavy surface; no eating holes; under shade,4.4,6.0,19.5,0.149,19.86666667,,
33,13,wavy surface; eating holes in the edge; under sunlight,4.7,5.6,20.0,0.142,18.93333333,,
34,14,wavy surface; no eating holes; under sunlight,4.6,6.2,20.0,0.138,18.4,,
35,12,wavy surface; no eating holes; with water drops; with soild dust; under sunlight,4.5,6.5,21.0,0.156,20.8,,
36,14,wavy surface; no eating holes; under sunlight,4.5,6.9,20.0,0.136,18.13333333,,
37,14,wavy surface; no eating holes; under sunlight,4.6,6.2,21.0,0.144,19.2,,
38,13,wavy surface; no eating holes; with soild dust; under shade,5.2,7.2,22.5,0.177,23.6,,
39,13,wavy surface; no eating holes; with soild dust; under sunlight,4.9,7.1,22.0,0.170,22.66666667,,
40,14,flat surface; no eating holes; under sunlight,4.4,6.8,21.0,0.147,19.6,,
41,10,wavy surface; no eating holes; with soild dust; under sunlight,5.1,6.6,22.0,0.171,22.8,,
42,11,wavy surface; no eating holes; with soild dust; under shade; insect on surface,5.0,6.5,21.5,0.163,21.73333333,,
43,13,wavy surface; no eating holes; under sunlight,4.7,6.6,21.5,0.158,21.06666667,,
44,13,wavy surface; no eating holes; under shade,5.5,7.0,23.0,0.197,26.26666667,,
45,12,flat surface; no eating holes; with soild dust; under sunlight,5.2,5.6,20.5,0.159,21.2,,
46,11,flat surface; eating holes in the edge; with soild dust; under sunlight,5.1,7.3,23.0,0.187,24.93333333,,
47,14,wavy surface; no eating holes; under sunlight,5.5,7.0,23.0,0.185,24.66666667,,
48,14,flat surface; no eating holes; with soild dust; under shade,5.1,7.0,22.0,0.170,22.66666667,,
49,15,wavy surface; no eating holes; under sunlight,5.2,7.0,22.5,0.176,23.46666667,,
50,14,flat surface; no eating holes; under sunlight,5.5,7.3,23.0,0.187,24.93333333,,
51,15,wavy surface; no eating holes; with soild dust; under sunlight,5.3,7.0,22.5,0.185,24.66666667,,
52,12,wavy surface; no eating holes; under sunlight,5.4,7.0,22.5,0.173,23.06666667,,
53,16,wavy surface; no eating holes; with soild dust; under sunlight,5.7,8.2,26.0,0.225,30,,
54,11,wavy surface; no eating holes; under sunlight,5.1,7.6,24.0,0.201,26.8,,
55,14,wavy surface; no eating holes; under shade,4.9,6.8,21.0,0.166,22.13333333,,
56,14,wavy surface; no eating holes; under shade,5.0,6.7,21.5,0.174,23.2,,
57,11,wavy surface; no eating holes; under sunlight,5.0,6.9,21.5,0.173,23.06666667,,
58,13,wavy surface; eating holes in the edge; under shade,5.1,7.0,22.0,0.173,23.06666667,,
59,16,flat surface; no eating holes; under sunlight,4.2,5.7,18.0,0.124,16.53333333,,
60,13,flat surface; eating holes in the edge; under shade,5.0,6.5,21.0,0.157,20.93333333,,
61,14,flat surface; eating holes in the center; under shade,4.8,5.8,20.0,0.143,19.06666667,,
62,14,flat surface; no eating holes; under cloudy sky,4.5,5.7,19.5,0.129,17.2,,
63,12,flat surface; eating holes in the edge; under cloudy sky,4.7,6.3,21.0,0.155,20.66666667,,
64,13,flat surface; no eating holes; under cloudy sky,4.5,6.3,20.0,0.136,18.13333333,,
65,12,flat surface; no eating holes; under cloudy sky,4.9,6.8,21.5,0.161,21.46666667,,
66,12,flat surface; no eating holes; under cloudy sky,4.8,6.6,21.0,0.148,19.73333333,,
67,13,flat surface; no eating holes; under cloudy sky,4.7,5.7,19.5,0.145,19.33333333,,
68,12,wavy surface; no eating holes; under cloudy sky,4.7,6.2,20.0,0.139,18.53333333,,
69,13,wavy surface; no eating holes; under cloudy sky,4.6,6.5,20.5,0.145,19.33333333,,
70,13,wavy surface; no eating holes; under cloudy sky,4.5,5.9,18.5,0.126,16.8,,
71,14,wavy surface; eating holes in the center; under cloudy sky,5.2,6.6,21.5,0.171,22.8,,
72,13,wavy surface; no eating holes; with soild dust; under cloudy sky,4.9,6.7,20.0,0.160,21.33333333,,
73,13,wavy surface; no eating holes; with soild dust; under cloudy sky,5.1,7.4,22.5,0.184,24.53333333,,
74,11,flat surface; no eating holes; under cloudy sky,5.0,5.9,20.0,0.153,20.4,,
75,13,wavy surface; eating holes in the edge; under cloudy sky,5.1,6.9,23.0,0.178,23.73333333,,
76,15,flat surface; no eating holes; under cloudy sky,5.0,7.2,22.0,0.174,23.2,,
77,13,wavy surface; eating holes in the edge; under sunlight,5.0,6.6,20.5,0.165,22,,
78,14,wavy surface; no eating holes; under sunlight; under shade,5.2,6.7,22.5,0.172,22.93333333,,
79,14,wavy surface; eating holes in the center; under sunlight; under shade,4.5,6.5,19.5,0.144,19.2,,
80,15,wavy surface; no eating holes; under cloudy sky,5.3,7.3,23.5,0.185,24.66666667,,
81,14,wavy surface; no eating holes; under sunlight; under shade,4.7,7.0,20.0,0.168,22.4,,
82,13,wavy surface; no eating holes; under sunlight,4.6,6.5,19.0,0.136,18.13333333,,
83,15,wavy surface; no eating holes; under cloudy sky,5.0,6.8,23.0,0.160,21.33333333,,
84,13,wavy surface; no eating holes; under cloudy sky,5.0,6.5,19.0,0.152,20.26666667,,
85,16,wavy surface; no eating holes; under cloudy sky,5.0,7.3,24.0,0.171,22.8,,
86,13,wavy surface; no eating holes; under cloudy sky,4.9,6.5,21.0,0.150,20,,
87,12,wavy surface; no eating holes; under shade,4.7,6.3,21.5,0.146,19.46666667,,
88,13,wavy surface; no eating holes; under shade,5.0,7.1,23.0,0.172,22.93333333,,
89,11,flat surface; eating holes in the edge; under shade,5.2,6.6,24.0,0.172,22.93333333,,
90,14,flat surface; no eating holes; with soild dust; under shade,4.8,6.6,21.5,0.151,20.13333333,,
91,11,wavy surface; eating holes in the edge; under sunlight,5.8,7.5,26.5,0.207,27.6,,
92,11,flat surface; eating holes in the center; eating holes in the edge; under shade,5.1,7.8,26.0,0.194,25.86666667,,
93,10,flat surface; no eating holes; under sunlight,5.2,7.5,24.0,0.189,25.2,,
94,11,wavy surface; eating holes in the center; eating holes in the edge; under cloudy sky,5.1,7.2,23.5,0.183,24.4,,
95,11,wavy surface; no eating holes; under cloudy sky,5.3,7.1,23.0,0.178,23.73333333,,
96,14,wavy surface; no eating holes; under cloudy sky,5.2,7.7,24.0,0.194,25.86666667,,
97,12,wavy surface; no eating holes; under cloudy sky,5.0,6.7,22.5,0.167,22.26666667,,
98,10,flat surface; no eating holes; under cloudy sky,4.9,6.5,21.5,0.152,20.26666667,,
99,11,wavy surface; no eating holes; under cloudy sky,5.4,7.8,25.0,0.187,24.93333333,,
100,12,wavy surface; no eating holes; under cloudy sky,5.1,7.6,24.0,0.185,24.66666667,,
101,12,wavy surface; no eating holes; under sunlight,5.2,7.2,24.0,0.198,26.4,,
102,13,flat surface; eating holes in the center; under cloudy sky,5.6,7.3,25.0,0.198,26.4,,
103,12,wavy surface; no eating holes; under cloudy sky,5.5,8.1,26.5,0.214,28.53333333,,
104,15,wavy surface; no eating holes; under sunlight,5.8,7.7,25.5,0.211,28.13333333,,
105,12,wavy surface; eating holes in the apex; under cloudy sky,5.0,7.0,23.0,0.180,24,,
106,13,wavy surface; no eating holes; under cloudy sky,5.0,6.7,21.0,0.157,20.93333333,,
107,13,wavy surface; no eating holes; under sunlight,5.2,6.9,23.0,0.175,23.33333333,,
108,12,wavy surface; no eating holes; under cloudy sky,4.8,6.6,21.5,0.158,21.06666667,,
109,14,wavy surface; no eating holes; under sunlight,4.0,5.8,18.0,0.108,14.4,,
110,12,flat surface; no eating holes; under cloudy sky,4.7,6.5,22.0,0.150,20,,
111,14,flat surface; no eating holes; with soild dust; under cloudy sky,4.8,6.5,21.0,0.152,20.26666667,,
112,11,wavy surface; no eating holes; under cloudy sky,5.0,7.2,23.5,0.172,22.93333333,,
113,12,flat surface; no eating holes; under sunlight,4.9,7.5,24.0,0.185,24.66666667,,
114,13,flat surface; no eating holes; under cloudy sky,4.7,7.2,23.0,0.159,21.2,,
115,13,wavy surface; no eating holes; under sunlight,4.6,6.6,20.5,0.150,20,,
116,10,flat surface; eating holes in the edge; eating holes in the center; under cloudy sky,5.1,7.1,23.5,0.184,24.53333333,,
117,13,wavy surface; eating holes in the center; under cloudy sky,5.1,7.2,24.0,0.181,24.13333333,,
118,13,wavy surface; eating holes in the center; under cloudy sky,5.0,6.9,22.5,0.167,22.26666667,,
119,14,wavy surface; no eating holes; under cloudy sky,4.7,6.7,22.0,0.157,20.93333333,,
120,13,wavy surface; no eating holes; under cloudy sky,4.7,6.0,20.0,0.136,18.13333333,,
121,14,flat surface; no eating holes; under sunlight,4.8,6.8,22.0,0.156,20.8,,
122,16,wavy surface; no eating holes; under sunlight,4.9,6.8,23.0,0.167,22.26666667,,
123,15,wavy surface; no eating holes; under cloudy sky,6.1,8.1,28.0,0.246,32.8,,
124,13,flat surface; no eating holes; under cloudy sky,6.3,8.3,28.5,0.257,34.26666667,,
125,13,wavy surface; no eating holes; under sunlight,5.2,6.8,23.0,0.179,23.86666667,,
126,12,flat surface; no eating holes; under sunlight,5.3,7.2,24.0,0.188,25.06666667,,
127,15,flat surface; no eating holes; under sunlight,5.4,8.2,26.0,0.209,27.86666667,,
128,14,flat surface; no eating holes; under sunlight,5.0,7.2,23.0,0.169,22.53333333,,
129,14,wavy surface; no eating holes; under sunlight,5.2,7.0,23.0,0.172,22.93333333,,
130,13,flat surface; no eating holes; under sunlight,4.9,7.0,22.5,0.153,20.4,,
131,12,flat surface; no eating holes; under sunlight,5.5,6.7,23.5,0.193,25.73333333,,
132,14,flat surface; eating holes in the center; under shade,5.5,7.5,24.0,0.193,25.73333333,,
133,13,wavy surface; no eating holes; under cloudy sky,5.0,7.3,24.0,0.181,24.13333333,,
134,12,wavy surface; no eating holes; under cloudy sky,5.3,7.6,25.0,0.218,29.06666667,,
135,14,flat surface; no eating holes; under sunlight,5.0,6.8,22.5,0.172,22.93333333,,
136,16,flat surface; no eating holes; under sunlight,4.7,6.7,21.5,0.158,21.06666667,,
137,12,wavy surface; no eating holes; under sunlight,5.2,7.3,23.0,0.185,24.66666667,,
138,15,wavy surface; no eating holes; under sunlight,5.3,6.9,23.5,0.182,24.26666667,,
139,13,wavy surface; no eating holes; under sunlight,5.1,7.0,23.0,0.166,22.13333333,,
140,16,flat surface; no eating holes; under shade; under sunlight,5.6,7.6,24.0,0.208,27.73333333,,
141,11,wavy surface; no eating holes; under sunlight,5.7,8.0,26.0,0.213,28.4,,
142,13,flat surface; no eating holes; under shade,5.5,7.4,23.5,0.187,24.93333333,,
143,12,wavy surface; no eating holes; with soild dust; under sunlight,5.0,7.1,23.0,0.169,22.53333333,,
144,12,wavy surface; no eating holes; under sunlight,5.2,7.3,23.5,0.172,22.93333333,,
145,12,wavy surface; eating holes in the edge; under sunlight,4.9,6.7,23.0,0.158,21.06666667,,
146,12,wavy surface; no eating holes; under sunlight,4.8,6.9,22.0,0.169,22.53333333,,
147,12,wavy surface; eating holes in the edge; under sunlight,5.3,7.5,24.5,0.184,24.53333333,,
148,12,wavy surface; no eating holes; under shade,5.2,7.6,24.0,0.192,25.6,,
149,10,wavy surface; eating holes in the center; under sunlight,5.5,7.2,24.0,0.197,26.26666667,,
150,13,wavy surface; no eating holes; under sunlight,5.3,6.7,22.5,0.175,23.33333333,,
151,13,wavy surface; no eating holes; under sunlight,5.0,6.7,21.5,0.164,21.86666667,,1894
152,13,wavy surface; no eating holes; under sunlight,5.0,6.6,22.5,0.183,24.4,,
153,11,wavy surface; no eating holes; under shade,4.8,6.4,21.5,0.152,20.26666667,,
154,12,flat surface; no eating holes; under shade,4.7,6.5,21.0,0.151,20.13333333,,
155,9,wavy surface; no eating holes; under shade,5.5,7.5,24.5,0.188,25.06666667,,
156,11,flat surface; no eating holes; under shade,5.4,7.4,25.0,0.155,20.66666667,,
157,10,wavy surface; eating holes in the edge; under shade,5.2,6.9,23.5,0.182,24.26666667,,
158,14,wavy surface; no eating holes; under shade,5.6,7.0,24.5,0.200,26.66666667,,
159,10,wavy surface; no eating holes; under shade,5.3,7.4,25.0,0.202,26.93333333,,
160,14,wavy surface; no eating holes; under shade,5.2,7.6,24.5,0.200,26.66666667,,
161,14,wavy surface; no eating holes; under sunlight,6.2,8.3,28.5,0.251,33.46666667,,
162,13,wavy surface; no eating holes; under sunlight,5.6,7.6,25.0,0.205,27.33333333,,
163,13,flat surface; no eating holes; under sunlight,6.0,8.2,27.0,0.243,32.4,,
164,12,flat surface; no eating holes; under sunlight,6.4,8.4,28.0,0.272,36.26666667,,
165,14,wavy surface; no eating holes; under sunlight,6.0,8.0,27.5,0.247,32.93333333,,
166,12,wavy surface; no eating holes; under sunlight,5.7,8.2,26.0,0.229,30.53333333,,
167,12,flat surface; no eating holes; under sunlight,5.3,7.0,22.5,0.177,23.6,,
168,16,wavy surface; no eating holes; under sunlight,4.4,7.4,24.0,0.181,24.13333333,,
169,11,flat surface; no eating holes; under shade,5.4,7.3,24.5,0.193,25.73333333,,
170,10,flat surface; no eating holes; under sunlight,5.5,7.9,26.0,0.221,29.46666667,,
171,12,wavy surface; no eating holes; under sunlight,5.4,7.3,24.0,0.204,27.2,,
172,15,flat surface; no eating holes; under shade,5.4,7.3,24.5,0.201,26.8,,
173,13,wavy surface; no eating holes; under sunlight,4.7,6.0,20.5,0.149,19.86666667,,
174,12,wavy surface; no eating holes; under sunlight,4.9,6.9,21.5,0.159,21.2,,
175,12,wavy surface; no eating holes; under sunlight,5.5,7.3,24.5,0.198,26.4,,
176,15,wavy surface; no eating holes; under sunlight,5.4,7.6,25.0,0.207,27.6,,
177,14,wavy surface; no eating holes; under shade,4.8,7.3,23.5,0.179,23.86666667,,
178,13,flat surface; no eating holes; under sunlight,4.4,6.2,20.0,0.134,17.86666667,,
179,16,wavy surface; no eating holes; under sunlight,5.0,6.8,22.0,0.167,22.26666667,,
180,16,flat surface; no eating holes; under shade,5.2,7.5,24.5,0.192,25.6,,
181,14,wavy surface; eating holes in the edge; under cloudy sky,5.5,7.7,26.0,0.203,27.06666667,,
182,12,flat surface; no eating holes; under cloudy sky; under sunlight,5.7,8.0,26.5,0.210,28,,
183,12,wavy surface; no eating holes; under sunlight,5.4,6.6,23.5,0.187,24.93333333,,
184,11,flat surface; eating holes in the edge; under sunlight,5.0,5.7,23.0,0.158,21.06666667,,
185,16,wavy surface; no eating holes; under sunlight,5.5,7.8,26.0,0.218,29.06666667,,
186,15,wavy surface; no eating holes; under sunlight,5.0,7.5,25.0,0.195,26,,
187,10,wavy surface; no eating holes; under sunlight,4.4,7.0,22.5,0.155,20.66666667,,
188,11,flat surface; no eating holes; under shade,5.1,6.9,22.5,0.185,24.66666667,,
189,14,wavy surface; no eating holes; under shade,5.0,6.7,22.0,0.172,22.93333333,,
190,12,wavy surface; eating holes in the edge; under sunlight,4.8,6.4,22.0,0.153,20.4,,
191,13,wavy surface; no eating holes; under shade,5.9,8.2,28.0,0.246,32.8,,
192,12,wavy surface; no eating holes; under sunlight,5.5,7.6,25.0,0.201,26.8,,
193,13,flat surface; no eating holes; under sunlight,5.2,6.8,24.5,0.172,22.93333333,,
194,14,flat surface; no eating holes; under cloudy sky,5.1,7.1,23.0,0.178,23.73333333,,
195,11,flat surface; eating holes in the center; under sunlight,5.1,7.3,23.0,0.170,22.66666667,,
196,13,wavy surface; eating holes in the edge; under sunlight,5.3,7.2,23.5,0.186,24.8,,
197,13,flat surface; no eating holes; under shade,4.1,6.1,19.5,0.119,15.86666667,,
198,13,wavy surface; no eating holes; under shade,4.4,6.3,20.0,0.132,17.6,,
199,11,wavy surface; no eating holes; under shade,5.0,6.5,21.5,0.154,20.53333333,,
200,13,wavy surface; no eating holes; under shade,5.4,7.0,23.0,0.183,24.4,,
201,15,wavy surface; no eating holes; under shade,5.9,8.2,28.5,0.248,33.06666667,,
202,11,wavy surface; no eating holes; under shade,6.2,8.4,27.0,0.243,32.4,,
203,12,wavy surface; no eating holes; under shade,5.9,8.0,25.5,0.220,29.33333333,,
204,13,flat surface; no eating holes; under shade,5.5,7.2,24.0,0.198,26.4,,
205,12,flat surface; no eating holes; with soild dust; under shade,5.9,7.9,26.5,0.229,30.53333333,,
206,14,flat surface; eating holes in the edge; under shade,6.0,8.5,27.5,0.264,35.2,,
207,14,wavy surface; no eating holes; under shade,5.8,8.1,26.0,0.232,30.93333333,,
208,12,flat surface; eating holes in the center; under shade,6.0,8.4,28.5,0.245,32.66666667,,
209,13,wavy surface; no eating holes; under shade,6.1,7.8,27.5,0.240,32,,
210,11,wavy surface; no eating holes; under shade,5.8,7.7,27.0,0.233,31.06666667,,
211,13,flat surface; eating holes in the edge; under shade,5.9,8.1,28.0,0.247,32.93333333,,
212,13,wavy surface; no eating holes; under shade,6.5,8.2,29.0,0.266,35.46666667,,
213,10,flat surface; eating holes in the edge; under shade,5.7,7.2,26.0,0.218,29.06666667,,
214,11,wavy surface; no eating holes; under shade,6.2,8.7,29.0,0.266,35.46666667,,
215,10,flat surface; no eating holes; under shade,5.2,7.3,24.0,0.188,25.06666667,,
216,10,flat surface; eating holes in the edge; under shade,5.6,7.8,25.5,0.218,29.06666667,,
217,10,wavy surface; no eating holes; under shade,5.8,7.5,25.0,0.232,30.93333333,,
218,15,flat surface; no eating holes; under shade,5.2,6.7,22.0,0.168,22.4,,
219,14,wavy surface; no eating holes; under shade,6.1,8.0,28.5,0.253,33.73333333,,
220,16,wavy surface; no eating holes; under shade,5.7,7.7,26.0,0.211,28.13333333,,
221,11,wavy surface; no eating holes; with soild dust; under sunlight,5.5,7.8,26.0,0.195,26,,
222,15,flat surface; no eating holes; under sunlight,5.5,7.7,25.0,0.207,27.6,,
223,13,wavy surface; no eating holes; under sunlight,5.3,6.8,23.5,0.177,23.6,,
224,13,wavy surface; no eating holes; under shade,5.0,6.4,22.0,0.162,21.6,,
225,12,wavy surface; no eating holes; under sunlight,5.3,7.5,24.5,0.195,26,,
226,11,flat surface; no eating holes; under sunlight,5.5,7.3,24.0,0.196,26.13333333,,
227,12,flat surface; no eating holes; under sunlight,5.0,6.6,22.0,0.158,21.06666667,,
228,14,flat surface; no eating holes; under shade,5.3,7.2,24.0,0.187,24.93333333,,
229,10,wavy surface; eating holes in the edge; with soild dust; under sunlight,5.6,7.8,26.0,0.225,30,,
230,13,wavy surface; no eating holes; with soild dust; under sunlight,6.3,8.5,27.5,0.252,33.6,,
231,9,wavy surface; no eating holes; under sunlight,6.0,8.4,28.0,0.248,33.06666667,,
232,16,flat surface; eating holes in the edge; under shade,5.5,7.4,25.0,0.208,27.73333333,,
233,13,flat surface; no eating holes; under shade,5.0,7.2,23.5,0.171,22.8,,
234,12,wavy surface; no eating holes; under shade,5.5,7.9,26.0,0.207,27.6,,
235,11,flat surface; no eating holes; with soild dust; under shade,5.1,6.9,23.0,0.175,23.33333333,,
236,10,wavy surface; no eating holes; under shade,5.4,7.6,24.5,0.204,27.2,,
237,11,wavy surface; no eating holes; under shade,4.4,6.8,22.0,0.150,20,,
238,9,wavy surface; eating holes in the edge; under shade,5.2,6.9,23.5,0.174,23.2,,
239,12,wavy surface; no eating holes; with soild dust; under sunlight,5.7,7.5,26.0,0.210,28,,
240,11,wavy surface; no eating holes; under shade,6.0,7.7,26.5,0.225,30,,
241,12,flat surface; no eating holes; under sunlight,5.5,7.3,25.0,0.195,26,,
242,14,wavy surface; no eating holes; with water drops; under shade,5.4,7.2,24.5,0.200,26.66666667,,
243,11,flat surface; no eating holes; under sunlight,4.8,6.4,22.0,0.153,20.4,,
244,12,flat surface; no eating holes; under sunlight,5.1,6.9,24.5,0.192,25.6,,
245,12,wavy surface; eating holes in the edge; under sunlight,6.0,8.0,27.0,0.230,30.66666667,,
246,15,wavy surface; eating holes in the edge; under shade,5.4,6.8,23.5,0.193,25.73333333,,
247,13,flat surface; no eating holes; under sunlight,5.1,7.5,24.5,0.193,25.73333333,,
248,11,flat surface; no eating holes; under shade,5.4,7.9,25.0,0.220,29.33333333,,
249,12,flat surface; eating holes in the edge; under sunlight,5.3,6.8,23.5,0.185,24.66666667,,
250,13,flat surface; no eating holes; under shade,6.3,8.4,30.0,0.278,37.06666667,,
251,13,flat surface; no eating holes; under sunlight,5.5,7.3,25.0,0.209,27.86666667,,
252,12,flat surface; no eating holes; under shade,5.8,8.0,27.0,0.236,31.46666667,,
253,12,wavy surface; no eating holes; under sunlight,5.1,7.2,23.0,0.181,24.13333333,,
254,16,wavy surface; no eating holes; under shade,5.4,7.3,24.5,0.198,26.4,,
255,13,wavy surface; eating holes in the edge; under sunlight,5.9,8.5,27.5,0.246,32.8,,
256,13,wavy surface; no eating holes; under sunlight,5.5,7.6,26.0,0.209,27.86666667,,
257,14,flat surface; no eating holes; under shade,5.7,7.7,26.5,0.221,29.46666667,,
258,11,wavy surface; no eating holes; under sunlight,5.5,7.1,25.0,0.189,25.2,,
259,11,wavy surface; eating holes in the edge; under sunlight,5.5,6.8,24.5,0.179,23.86666667,,
260,13,flat surface; no eating holes; under shade,5.7,7.8,25.5,0.213,28.4,,
261,12,flat surface; no eating holes; with soild dust; under sunlight,5.7,7.4,24.5,0.200,26.66666667,,
262,13,wavy surface; no eating holes; with soild dust; under shade,5.9,8.0,26.5,0.233,31.06666667,,
263,15,wavy surface; no eating holes; under sunlight,5.9,8.3,27.5,0.242,32.26666667,,
264,11,wavy surface; no eating holes; under shade,6.3,8.7,29.0,0.281,37.46666667,,
265,16,flat surface; no eating holes; with soild dust; under shade,6.6,9.5,31.0,0.316,42.13333333,,
266,14,wavy surface; no eating holes; under shade,5.8,8.6,28.5,0.252,33.6,,
267,14,wavy surface; no eating holes; under sunlight,5.5,7.8,25.0,0.208,27.73333333,,
268,15,wavy surface; no eating holes; under sunlight,4.9,6.8,22.5,0.168,22.4,,
269,15,wavy surface; no eating holes; under sunlight,6.0,8.1,26.5,0.223,29.73333333,,
270,11,flat surface; no eating holes; under sunlight,5.8,7.9,27.0,0.221,29.46666667,,
271,12,flat surface; no eating holes; under sunlight; under shade,5.4,8.0,26.0,0.208,27.73333333,,
272,11,wavy surface; no eating holes; under sunlight,5.2,7.1,23.0,0.190,25.33333333,,
273,10,wavy surface; no eating holes; under sunlight,5.5,7.9,27.0,0.227,30.26666667,,
274,10,flat surface; no eating holes; under sunlight,5.9,7.6,25.5,0.227,30.26666667,,
275,14,flat surface; no eating holes; under sunlight,6.0,7.8,26.5,0.224,29.86666667,,
276,11,flat surface; no eating holes; under shade,6.3,7.7,27.0,0.237,31.6,,
277,10,flat surface; no eating holes; under sunlight,5.3,6.4,22.0,0.179,23.86666667,,
278,16,flat surface; no eating holes; under sunlight,5.4,7.0,24.0,0.203,27.06666667,,
279,11,wavy surface; no eating holes; under sunlight,5.1,6.7,22.0,0.168,22.4,,
280,12,wavy surface; no eating holes; under sunlight,5.5,7.2,24.5,0.203,27.06666667,,
281,15,wavy surface; no eating holes; under sunlight,5.4,8.1,26.5,0.226,30.13333333,,
282,14,wavy surface; no eating holes; under sunlight,6.4,8.7,29.5,0.284,37.86666667,,
283,12,wavy surface; no eating holes; under shade,6.0,7.8,26.0,0.238,31.73333333,,
284,9,wavy surface; no eating holes; under shade; with soild dust,5.4,7.1,24.5,0.199,26.53333333,,
285,11,wavy surface; eating holes in the edge; under shade,5.1,6.9,23.5,0.173,23.06666667,,
286,11,wavy surface; eating holes in the edge; under shade,5.4,6.4,24.0,0.197,26.26666667,,
287,16,wavy surface; no eating holes; under shade,4.9,6.0,21.5,0.153,20.4,,
288,12,wavy surface; eating holes in the edge; under shade,4.6,5.8,20.0,0.137,18.26666667,,
289,14,wavy surface; no eating holes; under shade,5.4,6.8,24.0,0.192,25.6,,
290,10,wavy surface; no eating holes; under shade,5.7,7.5,25.0,0.209,27.86666667,,
291,12,wavy surface; no eating holes; under shade,6.4,8.7,29.5,0.273,36.4,,
292,14,flat surface; no eating holes; under shade,5.5,7.6,25.5,0.208,27.73333333,,
293,13,wavy surface; no eating holes; under shade,5.9,7.9,27.5,0.248,33.06666667,,
294,14,wavy surface; no eating holes; under shade,5.4,7.3,24.0,0.199,26.53333333,,
295,14,wavy surface; no eating holes; under shade,5.7,6.8,24.5,0.193,25.73333333,,
296,14,wavy surface; no eating holes; under shade,5.8,7.0,25.0,0.216,28.8,,
297,12,wavy surface; no eating holes; under shade,5.2,7.3,24.0,0.191,25.46666667,,
298,12,flat surface; no eating holes; under shade,5.4,7.7,25.0,0.199,26.53333333,,
299,15,flat surface; no eating holes; under shade,5.9,8.0,28.0,0.244,32.53333333,,
300,14,flat surface; no eating holes; under shade,6.2,8.4,28.5,0.267,35.6,,
301,14,flat surface; no eating holes; under shade,6.2,8.0,28.0,0.252,33.6,,1886
302,14,flat surface; no eating holes; under shade,6.1,7.9,27.0,0.241,32.13333333,,
303,11,wavy surface; no eating holes; under shade,5.8,8.1,27.5,0.230,30.66666667,,
304,12,flat surface; no eating holes; under shade,6.0,8.7,29.0,0.258,34.4,,
305,16,flat surface; no eating holes; under cloudy sky,5.1,7.6,24.5,0.200,26.66666667,,
306,12,flat surface; no eating holes; under cloudy sky,5.2,7.4,24.5,0.193,25.73333333,,
307,13,flat surface; no eating holes; under cloudy sky,5.5,7.2,25.0,0.197,26.26666667,,
308,12,flat surface; no eating holes; under cloudy sky,4.9,6.5,22.0,0.159,21.2,,
309,13,wavy surface; no eating holes; under cloudy sky,6.0,7.4,27.0,0.238,31.73333333,,
310,16,flat surface; no eating holes; under cloudy sky,6.5,7.5,27.5,0.276,36.8,,
311,13,wavy surface; no eating holes; under shade,6.5,9.7,31.5,0.298,39.73333333,,
312,12,flat surface; no eating holes; under shade,6.6,8.4,29.0,0.264,35.2,,
313,13,flat surface; no eating holes; under cloudy sky,5.4,7.9,26.0,0.221,29.46666667,,
314,11,flat surface; no eating holes; under cloudy sky,5.6,8.1,27.0,0.226,30.13333333,,
315,12,wavy surface; no eating holes; under shade,6.3,9.0,29.5,0.292,38.93333333,,
316,13,wavy surface; no eating holes; under sunlight,5.9,8.2,28.5,0.246,32.8,,
317,14,flat surface; no eating holes; with soild dust; under sunlight,4.7,6.6,21.0,0.149,19.86666667,,
318,11,flat surface; no eating holes; with soild dust; under sunlight;,4.6,6.8,22.5,0.161,21.46666667,,
319,12,wavy surface; no eating holes; under sunlight,4.9,6.8,23.0,0.168,22.4,,
320,10,flat surface; eating holes in the edge; under shade,4.5,6.0,21.0,0.134,17.86666667,,
321,12,flat surface; no eating holes; under sunlight,5.3,7.4,24.0,0.186,24.8,,
322,14,flat surface; no eating holes; under shade,4.8,6.4,22.0,0.157,20.93333333,,
323,13,wavy surface; no eating holes; under sunlight,5.0,6.8,22.5,0.175,23.33333333,,
324,12,wavy surface; no eating holes; under sunlight,5.2,6.7,23.0,0.173,23.06666667,,
325,13,flat surface; no eating holes; under sunlight,4.9,6.5,21.5,0.151,20.13333333,,
326,13,wavy surface; eating holes in the edge; under shade,5.8,7.4,24.0,0.208,27.73333333,,
327,14,flat surface; no eating holes; under sunlight,4.9,5.8,19.5,0.140,18.66666667,,
328,12,flat surface; no eating holes; under sunlight,5.5,8.0,26.0,0.222,29.6,,
329,12,wavy surface; no eating holes; under sunlight,4.3,6.1,20.5,0.137,18.26666667,,
330,13,flat surface; no eating holes; under shade,5.2,7.4,25.0,0.187,24.93333333,,
331,13,wavy surface; no eating holes; under sunlight,4.6,6.2,21.5,0.146,19.46666667,,
332,11,wavy surface; no eating holes; under sunlight,4.7,6.0,21.0,0.143,19.06666667,,
333,12,flat surface; no eating holes; under sunlight,5.7,7.9,26.5,0.227,30.26666667,,
334,14,flat surface; no eating holes; under sunlight,5.2,7.6,24.0,0.185,24.66666667,,
335,12,wavy surface; no eating holes; under sunlight,6.3,8.0,27.0,0.249,33.2,,
336,14,wavy surface; no eating holes; under shade,5.5,7.6,25.5,0.213,28.4,,
337,13,wavy surface; no eating holes; under sunlight,5.3,7.6,25.0,0.193,25.73333333,,
338,12,flat surface; no eating holes; under sunlight,5.0,6.9,23.5,0.169,22.53333333,,
339,13,wavy surface; no eating holes; under sunlight,4.8,6.8,22.5,0.161,21.46666667,,
340,13,wavy surface; no eating holes; under shade,5.3,7.4,24.5,0.193,25.73333333,,
341,15,flat surface; no eating holes; under sunlight,4.2,5.9,20.5,0.130,17.33333333,,4289
342,13,wavy surface; no eating holes; under shade,4.5,6.2,20.5,0.131,17.46666667,,
343,12,flat surface; no eating holes; under sunlight,4.7,6.7,22.5,0.144,19.2,,
344,10,flat surface; eating holes in the edge; under shade,4.7,6.6,21.0,0.149,19.86666667,,
345,12,flat surface; no eating holes; under sunlight,5.0,7.1,24.0,0.184,24.53333333,,
346,14,flat surface; eating holes in the edge; under sunlight,4.8,6.8,22.0,0.158,21.06666667,,
347,15,flat surface; no eating holes; under sunlight,4.7,6.3,20.0,0.147,19.6,,
348,10,wavy surface; no eating holes; under sunlight,4.9,6.4,20.5,0.150,20,,
349,11,wavy surface; no eating holes; under sunlight,5.1,6.4,22.0,0.161,21.46666667,,
350,16,wavy surface; eating holes in the edge; under shade,4.6,6.5,21.5,0.153,20.4,,
351,14,wavy surface; no eating holes; under sunlight,4.5,6.0,20.0,0.135,18,,
352,12,wavy surface; eating holes in the edge; under sunlight,4.7,6.5,22.0,0.155,20.66666667,,
353,16,flat surface; no eating holes; under sunlight,4.7,7.2,23.5,0.178,23.73333333,,
354,12,flat surface; no eating holes; under sunlight,4.6,6.8,22.0,0.154,20.53333333,,
355,14,flat surface; eating holes in the edge; under sunlight,5.5,7.9,27.0,0.213,28.4,,
356,12,wavy surface; eating holes in the edge; under shade,5.3,6.9,23.0,0.176,23.46666667,,
357,12,wavy surface; eating holes in the edge; under sunlight,4.8,6.0,21.5,0.154,20.53333333,,
358,13,wavy surface; no eating holes; under shade,5.0,7.0,23.5,0.180,24,,
359,13,wavy surface; no eating holes; under sunlight,5.0,6.7,22.5,0.167,22.26666667,,
360,11,wavy surface; eating holes in the edge; under shade,5.4,6.9,25.0,0.194,25.86666667,,
361,15,wavy surface; no eating holes; under sunlight,5.3,7.0,24.5,0.184,24.53333333,,
362,11,wavy surface; no eating holes; under sunlight,5.1,6.7,22.5,0.172,22.93333333,,
363,15,flat surface; no eating holes; under sunlight,4.8,6.6,21.0,0.151,20.13333333,,
364,15,flat surface; no eating holes; under shade,4.9,7.0,22.5,0.176,23.46666667,,
365,11,wavy surface; eating holes in the edge; under sunlight,5.3,6.8,23.0,0.178,23.73333333,,
366,15,flat surface; no eating holes; under shade,5.7,7.6,25.5,0.208,27.73333333,,
367,12,wavy surface; no eating holes; under shade,4.8,6.6,22.0,0.160,21.33333333,,
368,9,wavy surface; no eating holes; under shade,4.9,7.0,23.5,0.170,22.66666667,,
369,9,wavy surface; no eating holes; under shade,6.0,7.8,27.0,0.234,31.2,,
370,10,wavy surface; no eating holes; under shade,5.8,8.0,26.5,0.221,29.46666667,,
371,11,flat surface; no eating holes; under shade,5.6,7.3,26.0,0.205,27.33333333,,
372,11,flat surface; no eating holes; under shade,5.1,6.9,24.0,0.176,23.46666667,,
373,13,wavy surface; no eating holes; under shade,6.2,8.1,28.0,0.247,32.93333333,,
374,13,flat surface; no eating holes; under shade,5.7,8.0,26.5,0.222,29.6,,
375,10,wavy surface; no eating holes; under shade,6.1,7.9,27.0,0.247,32.93333333,,
376,9,wavy surface; no eating holes; under shade,5.8,7.4,25.0,0.204,27.2,,
377,13,wavy surface; no eating holes; under shade,5.7,7.5,25.0,0.213,28.4,,
378,13,flat surface; no eating holes; under shade,5.5,7.2,24.0,0.198,26.4,,
379,10,wavy surface; no eating holes; under shade,6.0,7.9,26.0,0.240,32,,
380,12,wavy surface; no eating holes; under shade,5.5,7.5,25.0,0.204,27.2,,
381,15,flat surface; no eating holes; under shade,6.4,8.6,29.5,0.268,35.73333333,,
382,13,flat surface; eating holes in the edge; under shade,6.2,7.2,25.5,0.220,29.33333333,,
383,13,wavy surface; no eating holes; under shade,6.3,8.9,30.0,0.275,36.66666667,,
384,12,flat surface; no eating holes; under shade,5.8,8.3,27.0,0.237,31.6,,
385,13,wavy surface; no eating holes; under sunlight,5.5,7.6,25.5,0.210,28,,
386,10,wavy surface; no eating holes; under sunlight,5.6,7.1,25.0,0.207,27.6,,
387,11,wavy surface; no eating holes; under sunlight,5.4,7.5,24.5,0.192,25.6,,
388,14,wavy surface; no eating holes; under shade,6.2,7.9,27.5,0.251,33.46666667,,
389,12,flat surface; no eating holes; under shade,5.2,7.5,24.5,0.186,24.8,,
390,12,wavy surface; no eating holes; under shade,5.6,7.7,26.0,0.212,28.26666667,,
391,12,wavy surface; no eating holes; under shade,6.3,7.8,26.5,0.235,31.33333333,,
392,14,wavy surface; no eating holes; under shade,6.5,8.6,29.0,0.270,36,,
393,13,wavy surface; no eating holes; under sunlight,6.1,7.8,25.5,0.228,30.4,,
394,14,flat surface; no eating holes; under sunlight,5.8,8.2,26.0,0.244,32.53333333,,
395,13,wavy surface; no eating holes; under sunlight,5.7,7.3,25.0,0.212,28.26666667,,
396,11,wavy surface; no eating holes; under sunlight,6.1,8.4,27.0,0.254,33.86666667,,
397,13,wavy surface; no eating holes; under sunlight,6.0,8.5,26.5,0.239,31.86666667,,
398,11,wavy surface; no eating holes; under sunlight,5.8,7.9,26.0,0.218,29.06666667,,
399,12,wavy surface; no eating holes; under shade,6.2,9.5,28.5,0.273,36.4,,
400,12,flat surface; eating holes in the edge; under sunlight,6.0,8.5,27.0,0.251,33.46666667,,
401,10,wavy surface; no eating holes; under shade,6.4,9.0,29.0,0.254,33.86666667,,
402,11,wavy surface; no eating holes; under sunlight,6.1,8.0,28.0,0.236,31.46666667,,
403,11,wavy surface; no eating holes; under sunlight,5.9,8.1,26.5,0.249,33.2,,
404,10,wavy surface; no eating holes; under shade,5.9,8.2,26.5,0.227,30.26666667,,
405,13,wavy surface; no eating holes; under shade,5.6,8.0,26.0,0.218,29.06666667,,
406,13,wavy surface; no eating holes; under sunlight,5.5,8.1,25.0,0.216,28.8,,
407,10,wavy surface; no eating holes; under sunlight,5.3,7.7,24.5,0.200,26.66666667,,
408,11,wavy surface; no eating holes; under sunlight,4.6,6.7,22.5,0.161,21.46666667,,
409,10,flat surface; eating holes in the edge; under sunlight,5.4,7.5,25.5,0.205,27.33333333,,
410,11,wavy surface; no eating holes; under sunlight,5.3,7.9,24.5,0.208,27.73333333,,
411,11,wavy surface; no eating holes; under sunlight,5.6,7.6,26.0,0.212,28.26666667,,
412,11,wavy surface; no eating holes; under sunlight,5.5,7.5,24.0,0.205,27.33333333,,
413,13,wavy surface; no eating holes; under sunlight; insect on surface,5.9,7.8,26.0,0.237,31.6,,
414,12,flat surface; no eating holes; under shade; insect on surface,5.5,7.7,25.0,0.217,28.93333333,,
415,15,wavy surface; eating holes in the edge; under cloudy sky,6.5,8.8,30.0,0.292,38.93333333,,
416,11,wavy surface; no eating holes; under cloudy sky; insect on surface,5.8,8.8,28.5,0.260,34.66666667,,
417,12,wavy surface; no eating holes; under cloudy sky,5.2,7.4,24.0,0.193,25.73333333,,
418,14,flat surface; no eating holes; under cloudy sky,5.4,7.9,25.5,0.215,28.66666667,,
419,13,wavy surface; no eating holes; under cloudy sky,5.2,7.2,23.0,0.180,24,,
420,13,wavy surface; eating holes in the edge; eating holes in the center; under cloudy sky,5.1,7.6,23.5,0.185,24.66666667,,
421,11,flat surface; no eating holes; under cloudy sky,5.5,7.1,24.0,0.190,25.33333333,,
422,11,wavy surface; no eating holes; under cloudy sky,5.3,7.2,24.0,0.196,26.13333333,,
423,11,wavy surface; eating holes in the center; under cloudy sky; insect on surface,5.6,7.7,25.5,0.224,29.86666667,,
424,12,wavy surface; no eating holes; under cloudy sky,5.9,7.5,24.5,0.203,27.06666667,,
425,10,wavy surface; no eating holes; under cloudy sky,6.1,7.9,26.0,0.225,30,,
426,10,wavy surface; no eating holes; under cloudy sky,5.5,7.1,24.5,0.191,25.46666667,,
427,15,wavy surface; no eating holes; under cloudy sky,6.2,8.8,28.0,0.257,34.26666667,,
428,9,wavy surface; no eating holes; under cloudy sky,5.7,7.9,26.5,0.220,29.33333333,,
429,13,wavy surface; no eating holes; under sunlight,5.9,8.1,28.0,0.245,32.66666667,,
430,12,wavy surface; no eating holes; under cloudy sky,5.8,7.6,25.0,0.212,28.26666667,,
431,13,wavy surface; eating holes in the center; under shade,5.9,7.9,26.0,0.225,30,,
432,11,wavy surface; no eating holes; under shade; insect on surface,6.2,7.9,26.5,0.248,33.06666667,,
433,11,flat surface; no eating holes; under shade,5.3,7.5,24.0,0.204,27.2,,
434,10,wavy surface; eating holes in the edge; under shade; insect on surface,5.6,7.7,24.5,0.210,28,,
435,9,wavy surface; no eating holes; under shade,5.8,8.1,27.5,0.232,30.93333333,,
436,9,wavy surface; no eating holes; under shade,5.3,7.4,25.0,0.187,24.93333333,,
437,14,wavy surface; no eating holes; under cloudy sky,5.5,8.5,27.0,0.225,30,,
438,9,flat surface; no eating holes; under cloudy sky,6.0,8.1,26.5,0.241,32.13333333,,
439,11,flat surface; no eating holes; under cloudy sky,5.8,7.7,26.0,0.221,29.46666667,,
440,10,flat surface; no eating holes; under cloudy sky,5.7,7.4,25.5,0.212,28.26666667,,
441,9,wavy surface; no eating holes; under cloudy sky,5.9,7.3,24.5,0.202,26.93333333,,
442,12,flat surface; no eating holes; under cloudy sky,5.4,7.6,24.0,0.200,26.66666667,,
443,12,wavy surface; no eating holes; under shade,5.0,7.2,23.0,0.189,25.2,,
444,12,wavy surface; no eating holes; under shade,5.0,6.9,22.5,0.168,22.4,,
445,13,wavy surface; no eating holes; under shade,5.9,7.8,26.0,0.220,29.33333333,,
446,12,wavy surface; eating holes in the edge; under shade,6.3,7.9,28.5,0.248,33.06666667,,
447,12,wavy surface; no eating holes; under shade,5.2,7.2,24.5,0.184,24.53333333,,
448,11,wavy surface; no eating holes; under shade,5.6,7.8,26.0,0.214,28.53333333,,
449,14,wavy surface; no eating holes; under cloudy sky,5.5,7.8,26.5,0.209,27.86666667,,
450,14,wavy surface; no eating holes; under cloudy sky,5.4,7.5,24.5,0.208,27.73333333,,
451,9,wavy surface; no eating holes; under shade,6.3,8.3,28.0,0.261,34.8,,
452,13,wavy surface; no eating holes; under shade,5.6,7.7,25.0,0.215,28.66666667,,
453,14,flat surface; no eating holes; under shade,5.0,6.8,22.5,0.164,21.86666667,,
454,11,flat surface; eating holes in the edge; under shade,5.3,7.8,26.0,0.191,25.46666667,,
455,12,flat surface; no eating holes; under shade,5.6,7.9,24.0,0.202,26.93333333,,
456,11,flat surface;no eating holes; with soild dust; under shade,5.8,7.5,24.5,0.215,28.66666667,,
457,13,wavy surface; no eating holes; under shade,5.5,8.0,25.5,0.221,29.46666667,,
458,13,wavy surface; eating holes in the edge; with soild dust; under shade,6.0,8.9,29.5,0.257,34.26666667,,
459,10,wavy surface; no eating holes; with soild dust; under shade,5.4,6.9,24.0,0.165,22,,
460,10,flat surface; no eating holes; under shade,5.0,6.3,20.5,0.139,18.53333333,,
461,11,wavy surface; no eating holes; with soild dust; under shade,4.9,7.0,22.0,0.156,20.8,,
462,10,wavy surface; no eating holes; under cloudy sky,5.1,7.3,24.0,0.177,23.6,,
463,10,wavy surface; no eating holes; under cloudy sky,5.3,7.8,24.5,0.189,25.2,,
464,11,flat surface; no eating holes; under cloudy sky,5.6,7.9,25.0,0.190,25.33333333,,
465,15,wavy surface; no eating holes; with soild dust; under cloudy sky,5.2,7.0,23.0,0.164,21.86666667,,
466,10,wavy surface; no eating holes; under cloudy sky,5.6,7.1,24.0,0.188,25.06666667,,
467,11,wavy surface; no eating holes; with soild dust; under cloudy sky,5.1,6.7,22.5,0.170,22.66666667,,
468,10,wavy surface; no eating holes; under cloudy sky,5.2,6.8,23.5,0.179,23.86666667,,
469,11,flat surface; no eating holes; under cloudy sky,4.9,7.1,22.0,0.179,23.86666667,,
470,12,wavy surface; no eating holes; under cloudy sky,4.6,6.6,21.0,0.143,19.06666667,,
471,10,wavy surface; no eating holes; with soild dust; under shade,5.6,7.7,25.0,0.219,29.2,,
472,11,wavy surface; no eating holes; with soild dust; under shade,5.5,7.3,24.5,0.211,28.13333333,,
473,13,flat surface; no eating holes; under shade,6.6,8.6,29.0,0.265,35.33333333,,
474,14,wavy surface; no eating holes; with soild dust; under shade,6.5,8.5,28.0,0.253,33.73333333,,
475,10,wavy surface; no eating holes; under shade,6.0,8.7,28.5,0.259,34.53333333,,
476,11,wavy surface; no eating holes; with soild dust; under shade,6.4,8.5,27.0,0.251,33.46666667,,
477,14,wavy surface; no eating holes; under shade,4.8,6.9,22.5,0.167,22.26666667,,
478,12,wavy surface; no eating holes; under shade,5.2,7.0,23.5,0.175,23.33333333,,
479,12,flat surface; eating holes in the edge; under shade,5.5,7.8,24.5,0.191,25.46666667,,
480,10,flat surface; no eating holes; with soild dust; under shade,5.5,6.8,22.5,0.193,25.73333333,,
481,13,wavy surface; eating holes in the center; under sunlight,5.0,7.0,21.5,0.164,21.86666667,,
482,9,wavy surface; no eating holes; under sunlight,4.8,6.8,22.5,0.162,21.6,,
483,11,wavy surface; no eating holes; with soild dust; under shade,4.9,7.0,24.0,0.170,22.66666667,,
484,12,wavy surface; no eating holes; with soild dust; under shade,5.2,7.3,24.5,0.183,24.4,,
485,12,wavy surface; no eating holes; with soild dust; under shade,5.5,7.8,26.5,0.208,27.73333333,,
486,10,wavy surface; no eating holes; under shade,5.2,7.4,24.5,0.187,24.93333333,,
487,11,wavy surface; no eating holes; under sunlight,5.3,7.7,25.0,0.197,26.26666667,,
488,13,wavy surface; no eating holes; with soild dust; under sunlight,5.0,6.8,24.0,0.166,22.13333333,,
489,11,wavy surface; no eating holes; under sunlight,5.1,6.7,21.5,0.162,21.6,,
490,16,wavy surface; no eating holes; under sunlight,5.5,7.2,22.5,0.188,25.06666667,,
491,14,wavy surface; eating holes in the edge; with soild dust; under sunlight,5.0,6.5,21.0,0.160,21.33333333,,
492,13,wavy surface; no eating holes; under shade,5.2,6.2,21.5,0.170,22.66666667,,
493,12,wavy surface; eating holes in the center; with soild dust; under shade,4.9,6.9,21.0,0.166,22.13333333,,
494,12,flat surface; no eating holes; with soild dust; under shade,5.0,7.0,22.0,0.155,20.66666667,,
495,11,wavy surface; no eating holes; under shade,4.5,6.5,21.0,0.136,18.13333333,,
496,13,wavy surface; no eating holes; with soild dust; under shade,4.9,6.4,22.0,0.147,19.6,,
497,10,flat surface; no eating holes; with soild dust; under shade,4.7,6.6,22.5,0.148,19.73333333,,
498,9,wavy surface; eating holes in the edge; under shade,4.8,6.6,22.0,0.163,21.73333333,,
499,12,wavy surface; eating holes in the edge; eating holes in the center; with soild dust; under shade,5.4,8.0,25.5,0.208,27.73333333,,
500,13,wavy surface; no eating holes; under shade,5.3,6.8,23.0,0.173,23.06666667,,
501,14,wavy surface; no eating holes; under shade,5.3,6.3,21.5,0.167,22.26666667,,
502,16,wavy surface; no eating holes; under shade,5.8,7.1,25.5,0.210,28,,
503,13,wavy surface; no eating holes; under shade,4.8,6.3,22.0,0.150,20,,
504,13,wavy surface; no eating holes; under shade,5.3,7.1,24.0,0.190,25.33333333,,
505,13,flat surface; eating holes in the edge; with soild dust; under shade,4.7,6.5,20.5,0.150,20,,
506,14,wavy surface; no eating holes; with soild dust; under shade,4.8,7.3,23.0,0.173,23.06666667,,
507,14,wavy surface; no eating holes; under shade,5.0,6.8,22.5,0.169,22.53333333,,
508,11,wavy surface; no eating holes; with soild dust; under shade,5.6,7.4,26.0,0.222,29.6,,
509,10,flat surface; no eating holes; under shade,5.9,8.2,27.0,0.223,29.73333333,,
510,13,flat surface; no eating holes; under shade,5.9,7.5,25.0,0.195,26,,
511,14,wavy surface; no eating holes; under shade,4.6,6.4,21.5,0.145,19.33333333,,
512,16,wavy surface; no eating holes; under shade,4.9,6.3,21.0,0.156,20.8,,
513,12,flat surface; no eating holes; under shade,5.2,7.2,23.5,0.183,24.4,,
514,10,wavy surface; no eating holes; under shade,5.9,7.5,25.5,0.209,27.86666667,,
515,12,wavy surface; no eating holes; under shade,5.1,7.1,24.0,0.187,24.93333333,,
516,12,flat surface; no eating holes; with soild dust; under shade,5.4,7.3,24.0,0.196,26.13333333,,
517,11,flat surface; no eating holes; under shade,5.1,7.2,23.0,0.183,24.4,,
518,12,flat surface; no eating holes; under shade,5.7,7.9,26.0,0.233,31.06666667,,
519,12,flat surface; eating holes in the center; under shade,5.0,6.6,21.5,0.160,21.33333333,,
520,13,wavy surface; no eating holes; under shade,5.3,7.8,25.0,0.210,28,,
521,9,wavy surface; no eating holes; with soild dust; under shade,5.2,6.6,23.0,0.175,23.33333333,,
522,10,flat surface; no eating holes; with soild dust; under shade,4.7,6.9,22.0,0.168,22.4,,
523,11,flat surface; no eating holes; under sunlight,6.9,8.6,30.0,0.270,36,,
524,11,wavy surface; no eating holes; under sunlight,5.7,6.4,22.5,0.174,23.2,,
525,16,wavy surface; no eating holes; under sunlight,4.8,6.4,21.0,0.156,20.8,,
526,12,wavy surface; no eating holes; under shade,5.5,7.0,24.0,0.193,25.73333333,,
527,13,flat surface; no eating holes; under shade,5.3,7.8,25.0,0.201,26.8,,
528,10,wavy surface; no eating holes; under shade,5.2,7.3,22.5,0.175,23.33333333,,
529,10,flat surface; no eating holes; under shade,5.6,7.7,24.0,0.215,28.66666667,,
530,10,wavy surface; no eating holes; under shade,5.5,7.4,23.0,0.206,27.46666667,,
531,11,wavy surface; no eating holes; under shade,5.7,7.1,25.5,0.200,26.66666667,,
532,10,wavy surface; no eating holes; under sunlight,6.0,7.3,25.0,0.204,27.2,,
533,10,wavy surface; no eating holes; under sunlight,5.2,7.7,24.5,0.197,26.26666667,,
534,13,wavy surface; no eating holes; under shade,4.7,6.8,22.5,0.160,21.33333333,,
535,11,wavy surface; no eating holes; under shade,5.2,7.0,23.0,0.175,23.33333333,,
536,16,wavy surface; no eating holes; under shade,5.2,7.5,25.5,0.195,26,,
537,11,wavy surface; no eating holes; under shade,5.6,6.9,24.0,0.177,23.6,,
538,11,wavy surface; no eating holes; under shade,5.0,7.5,24.5,0.183,24.4,,
539,11,wavy surface; no eating holes; under shade,6.1,8.7,29.0,0.255,34,,
540,12,wavy surface; no eating holes; under shade,6.7,9.0,30.5,0.296,39.46666667,,
541,13,wavy surface; no eating holes; under shade,4.3,6.1,20.0,0.130,17.33333333,,
542,15,wavy surface; no eating holes; under sunlight,4.5,7.0,21.5,0.156,20.8,,
543,12,flat surface; no eating holes; under shade,4.8,6.9,23.0,0.162,21.6,,
544,10,flat surface; no eating holes; under shade,5.2,7.3,23.5,0.179,23.86666667,,
545,12,wavy surface; no eating holes; under shade,5.3,7.0,24.0,0.183,24.4,,
546,9,wavy surface; no eating holes; under shade,4.8,6.4,21.5,0.144,19.2,,
547,9,flat surface; no eating holes; under shade,5.0,5.7,20.5,0.147,19.6,,
548,10,wavy surface; no eating holes; under shade,5.2,6.0,21.0,0.158,21.06666667,,
549,12,wavy surface; no eating holes; under shade,5.5,7.6,26.0,0.210,28,,
550,9,wavy surface; no eating holes; under shade,5.6,7.5,25.5,0.195,26,,
551,11,wavy surface; no eating holes; under shade,4.7,6.5,22.0,0.152,20.26666667,,
552,12,flat surface; eating holes in the edge; under sunlight,4.8,7.0,22.5,0.158,21.06666667,,
553,11,wavy surface; no eating holes; under sunlight,4.7,6.3,21.0,0.144,19.2,,
554,10,flat surface; eating holes in the edge; under sunlight,4.8,6.9,22.5,0.159,21.2,,
555,12,wavy surface; no eating holes; under sunlight,4.6,6.3,20.0,0.139,18.53333333,,
556,10,wavy surface; no eating holes; under sunlight,4.9,6.7,23.0,0.168,22.4,,
557,10,wavy surface; no eating holes; under shade,5.2,7.0,23.5,0.173,23.06666667,,
558,9,flat surface; no eating holes; under shade,5.0,6.8,23.0,0.152,20.26666667,,
559,9,wavy surface; no eating holes; under shade,5.1,7.0,24.0,0.173,23.06666667,,
560,9,wavy surface; no eating holes; under shade,5.5,6.9,24.5,0.189,25.2,,
561,11,wavy surface; eating holes in the edge; with soild dust; under shade,4.8,6.4,23.0,0.154,20.53333333,,
562,10,wavy surface; eating holes in the edge; with soild dust; under shade,5.0,6.9,24.0,0.156,20.8,,
563,13,flat surface; no eating holes; under shade,4.8,7.2,24.0,0.173,23.06666667,,
564,10,wavy surface; no eating holes; under shade,4.8,7.1,23.5,0.174,23.2,,
565,14,wavy surface; no eating holes; with soild dust; under shade,5.1,6.6,23.0,0.181,24.13333333,,
566,11,wavy surface; no eating holes; with soild dust; under shade,4.6,6.9,22.5,0.157,20.93333333,,
567,11,wavy surface; no eating holes; under cloudy sky,4.6,6.0,20.5,0.136,18.13333333,,
568,10,wavy surface; no eating holes; under cloudy sky,4.4,5.7,19.5,0.120,16,,
569,12,flat surface; no eating holes; under cloudy sky,4.1,6.2,20.0,0.122,16.26666667,,
570,13,flat surface; no eating holes; with soild dust; under shade,4.1,5.8,19.0,0.115,15.33333333,,
571,11,wavy surface; no eating holes; under shade,4.7,6.7,23.0,0.160,21.33333333,,
572,12,wavy surface; no eating holes; under shade,5.2,6.8,23.5,0.174,23.2,,
573,14,wavy surface; no eating holes; with soild dust; under shade,4.5,5.9,20.5,0.127,16.93333333,,
574,12,wavy surface; no eating holes; under shade,4.6,6.5,22.0,0.150,20,,
575,15,wavy surface; no eating holes; under shade,5.3,7.7,26.5,0.213,28.4,,
576,11,wavy surface; no eating holes; under shade,5.0,6.3,22.0,0.163,21.73333333,,
577,12,wavy surface; no eating holes; under shade,4.6,6.2,21.5,0.143,19.06666667,,
578,12,wavy surface; no eating holes; under shade,4.3,6.4,21.0,0.141,18.8,,
579,13,wavy surface; eating holes in the edge; under shade,5.4,7.5,27.0,0.206,27.46666667,,
580,14,wavy surface; no eating holes; with soild dust; under shade,4.7,6.9,22.5,0.157,20.93333333,,
581,12,wavy surface; no eating holes; under shade,4.8,4.8,18.5,0.119,15.86666667,,
582,9,flat surface; no eating holes; under shade,4.4,5.7,18.0,0.125,16.66666667,,
583,10,wavy surface; no eating holes; under shade,6.0,8.2,28.0,0.230,30.66666667,,
584,10,flat surface; eating holes in the edge; under shade,5.6,7.3,27.5,0.213,28.4,,
585,10,wavy surface; no eating holes; under shade,4.6,6.4,22.0,0.137,18.26666667,,
586,11,wavy surface; no eating holes; under shade,4.8,6.6,22.5,0.158,21.06666667,,
587,15,wavy surface; no eating holes; under shade,4.7,6.8,23.0,0.157,20.93333333,,
588,14,wavy surface; no eating holes; under shade,4.9,6.7,22.5,0.156,20.8,,
589,13,flat surface; no eating holes; under shade,4.6,6.6,22.5,0.151,20.13333333,,
590,10,flat surface; eating holes in the edge; under shade,5.3,6.4,23.0,0.177,23.6,,
591,11,wavy surface; no eating holes; under shade,5.2,7.0,23.5,0.178,23.73333333,,
592,11,wavy surface; no eating holes; under shade,5.3,7.2,25.0,0.196,26.13333333,,
593,10,wavy surface; no eating holes; under shade,5.1,7.1,24.0,0.195,26,,
594,12,wavy surface; no eating holes; under shade,5.0,7.0,23.5,0.173,23.06666667,,
595,10,wavy surface; no eating holes; under shade,5.8,7.7,25.5,0.216,28.8,,
596,9,wavy surface; no eating holes; under shade,5.5,7.5,24.5,0.200,26.66666667,,
597,12,wavy surface; no eating holes; under shade,4.6,6.5,22.0,0.149,19.86666667,,
598,11,wavy surface; no eating holes; under shade,4.9,7.0,23.0,0.167,22.26666667,,
599,12,wavy surface; no eating holes; under shade,4.6,6.8,22.5,0.150,20,,
600,11,wavy surface; no eating holes; under shade,4.8,6.9,22.0,0.164,21.86666667,,
601,11,wavy surface; no eating holes; under shade,4.9,7.3,23.5,0.181,24.13333333,,
602,14,wavy surface; no eating holes; under shade,4.5,6.2,21.5,0.150,20,,
603,11,wavy surface; no eating holes; under shade,5.5,7.4,24.5,0.199,26.53333333,,
604,12,wavy surface; no eating holes; under shade,4.8,7.0,22.5,0.165,22,,
605,10,wavy surface; no eating holes; under shade,6.2,8.6,29.0,0.266,35.46666667,,
606,11,wavy surface; no eating holes; under shade,5.7,7.5,26.0,0.215,28.66666667,,
607,10,flat surface; no eating holes; under shade,5.4,6.5,22.5,0.173,23.06666667,,
608,11,flat surface; no eating holes; under shade,5.3,7.4,24.5,0.202,26.93333333,,
609,11,flat surface; no eating holes; with soild dust; under shade,4.5,6.3,21.0,0.139,18.53333333,,
610,12,wavy surface; no eating holes; under sunlight,4.6,5.6,20.5,0.132,17.6,,
611,10,wavy surface; no eating holes; under shade,4.8,6.4,21.0,0.153,20.4,,
612,12,wavy surface; no eating holes; under shade,4.7,6.3,22.0,0.146,19.46666667,,